{"tool":{"category":[{"name":"PDF\u5de5\u5177\u96c6","uri":"tool_pdf"},{"name":"\u683c\u5f0f\u8f6c\u6362\u5de5\u5177\u96c6","uri":"tool_converter"},{"name":"\u56fe\u7247\u5904\u7406\u5de5\u5177\u96c6","uri":"tool_image"},{"name":"OCR\u8bc6\u522b\u5de5\u5177\u96c6","uri":"tool_ocr"},{"name":"\u6587\u4ef6\u5904\u7406\u5de5\u5177\u96c6","uri":"tool_docmanage"},{"name":"\u5c4f\u5e55\u5f55\u5236\u5de5\u5177\u96c6","uri":"tool_screencapture"},{"name":"\u6559\u5b66\u529e\u516c\u5de5\u5177","uri":"tool_office"},{"name":"\u7cfb\u7edf\u5b89\u5168\u5de5\u5177","uri":"tool_system"},{"name":"\u9605\u8bfb\/\u6d4f\u89c8\u5668","uri":"tool_reader"},{"name":"\u529e\u516c\u8d44\u6e90\u5408\u96c6\uff083.0.6\u4ee5\u4e0a\u7248\u672c\u53ef\u7528\uff09","uri":"tool_officeresource"},{"name":"\u5176\u5b83","uri":"tool_others"}],"add":["pngtoicon\/pngtoicon","voicerecorder\/voicerecorder","filetimemodifier\/filetimemodifier","imagecrop\/imagecrop","autoshutdown\/autoshutdown"],"hot":["imagemodifier\/ImageModifier","screenshotmaster\/ScreenshotMaster","PDFSplit\/PDFSplit","Image2PDF\/imgtopdf","SecuritySet\/PDFPasswordProtect","videoconverter\/videoconverter","pdf_ocr\/PDFOCR"],"update_ignore":["speach\/speach"],"src":[{"id":0,"title":"\u672a\u77e5"},{"id":1,"title":"\u4e07\u5f69\u7814\u53d1"},{"id":2,"title":"\u5916\u90e8\u7eff\u8272\u8f6f\u4ef6"}]},"link":{"category":[{"name":"\u5e38\u7528\u514d\u8d39\u529e\u516c\u8f6f\u4ef6","uri":"link_freeofficetool"},{"name":"\u8bbe\u8ba1\/\u914d\u8272\/\u6392\u7248","uri":"link_design"},{"name":"\u9ad8\u6e05\u56fe\u5e93","uri":"link_image"},{"name":"\u4fe1\u606f\u56fe\u8868","uri":"link_infographic"},{"name":"PPT\/Word\u6587\u6863","uri":"link_pptword"},{"name":"\u89c6\u9891\/\u97f3\u9891\u8d44\u6e90","uri":"link_media"},{"name":"\u6559\u5b66\u8d44\u6e90","uri":"link_education"}]},"home":{"tool":["PDFtoWord\/pdftoword","screencapture\/FSCapture","speach\/speach","PDFMerge\/PDFMerge","_WOBCOLUMN\/otemplate","autoshutdown\/autoshutdown"]},"recommend":{"list":[{"title":"FOCUSKY","desc":"3D\u52a8\u6001\u6f14\u793a\u5236\u4f5c","icon":".\/images\/wancai\/focusky.png","url":"http:\/\/www.focusky.com.cn\/?from=wofficebox"},{"title":"\u4e07\u5f69\u52a8\u753b\u5927\u5e08","desc":"MG\u52a8\u753b\u89c6\u9891\u5236\u4f5c","icon":".\/images\/wancai\/animiz.png","url":"http:\/\/www.animiz.cn\/?from=wofficebox"},{"title":"\u4e07\u5f69\u8111\u56fe\u5927\u5e08","desc":"3D\u65e0\u9650\u7f29\u653e\u601d\u7ef4\u5bfc\u56fe","icon":".\/images\/wancai\/mindmaster.png","url":"http:\/\/www.wmindmap.cn\/?from=wofficebox"},{"title":"\u4e07\u5f69\u5f55\u5c4f\u5927\u5e08","desc":"\u5fae\u8bfe\u5f55\u5236\u53ca\u540e\u671f\u5236\u4f5c","icon":".\/images\/wancai\/wcapture.png","url":"http:\/\/www.wcapture.cn\/?from=wofficebox"},{"title":"\u4e91\u5c55\u7f51","desc":"3D\u7ffb\u9875\u7535\u5b50\u6742\u5fd7","icon":".\/images\/wancai\/yunzhan.png","url":"http:\/\/www.yunzhan365.com\/?from=wofficebox"}]}}