[{"title":"Focusky\u52a8\u753b\u6f14\u793a\u5927\u5e08","desc":"\u514d\u8d39\u7684\u52a8\u753bPPT\u6f14\u793a\u5236\u4f5c\u8f6f\u4ef6\uff0c3D\u65e0\u9650\u7f29\u653e\/\u65cb\u8f6c\/\u79fb\u52a8 \u7684\u5207\u6362\u65b9\u5f0f\uff0c\u4f7f\u6f14\u793a\u751f\u52a8\u6709\u8da3\u3002","cate":"link_freeofficetool","url":"http:\/\/www.focusky.com.cn\/"},{"title":"\u5927\u773c\u4ed4\u6c49\u5316\u8f6f\u4ef6\u535a\u5ba2","desc":"\u63d0\u4f9b\u5404\u7c7bPC\u8f6f\u4ef6,\u7eff\u8272\u8f6f\u4ef6,\u624b\u673a\u6e38\u620f,\u5b89\u5353APP,\u6c49\u5316\u8f6f\u4ef6,\u8f6f\u4ef6\u6559\u7a0b,\u575a\u6301\u6bcf\u5929\u66f4\u65b0\u5927\u91cf\u8f6f\u4ef6\u53ca\u89c6\u9891\u6559\u7a0b\u3002","cate":"link_freeofficetool","url":"http:\/\/www.dayanzai.me\/"},{"title":"\u4e07\u5f69\u52a8\u753b\u5927\u5e08","desc":"\u597d\u7528\u7684\u52a8\u753b\u89c6\u9891\u5236\u4f5c\u5de5\u5177\uff0c\u53ef\u7528\u6765\u5236\u4f5c\u4f01\u4e1a\u5ba3\u4f20\u7247\uff0c\u8da3\u5473\u8bfe\u4ef6\u89c6\u9891\uff0c\u5fae\u8bfe\u89c6\u9891\u7b49\u3002","cate":"link_freeofficetool","url":"http:\/\/www.animiz.cn\/"},{"title":"\u4e07\u5f69\u5f55\u5c4f\u5927\u5e08","desc":"\u5927\u4f17\u5fc5\u5907\u7684\u5f55\u5c4f\u795e\u5668\uff0c\u96c6\u7535\u8111\u5c4f\u5e55\u5f55\u5236\u4e0e\u540e\u671f\u52a8\u753b\u89c6\u9891\u7f16\u8f91\u4e8e\u4e00\u8eab\uff0c\u7b80\u5355\u6613\u7528\u3002","cate":"link_freeofficetool","url":"http:\/\/www.wcapture.cn\/"},{"title":"\u4e07\u5f69\u8111\u56fe\u5927\u5e08","desc":"\u529f\u80fd\u5f3a\u5927\u7684\u601d\u7ef4\u5bfc\u56fe\u7ed8\u5236\u8f6f\u4ef6\uff0c\u8f7b\u677e\u5e2e\u52a9\u7528\u6237\u505a\u51fa\u4e13\u4e1a\u3001\u521b\u610f\u7684\u601d\u7ef4\u5bfc\u56fe\u3002","cate":"link_freeofficetool","url":"http:\/\/www.wmindmap.cn\/"},{"title":"\u4e91\u5c55\u7f51","desc":"\u514d\u8d39\u7684flash\/html5\u6742\u5fd7\u5728\u7ebf\u53d1\u5e03\u5206\u4eab\u5e73\u53f0\uff0c\u6570\u767e\u4e07\u72c2\u70ed\u7684\u8bfb\u8005\u5728\u8fd9\u91cc\u5206\u4eab\u6570\u5b57\u6587\u6863\u3002","cate":"link_freeofficetool","url":"http:\/\/www.yunzhan365.com\/"},{"title":"\u540d\u7f16\u8f91\u7535\u5b50\u6742\u5fd7\u5927\u5e08","desc":"\u96c6\u8f6c\u6362\u4e0e\u7f16\u8f91\u4e8e\u4e00\u8eab\u7684\u7ffb\u9875\u7535\u5b50\u6742\u5fd7\u5236\u4f5c\u8f6f\u4ef6\uff0c\u652f\u6301Ipad\/Iphone\u79bb\u7ebf\u9605\u8bfb\u7535\u5b50\u6742\u5fd7\u3002","cate":"link_freeofficetool","url":"http:\/\/www.mingbianji.com\/"},{"title":"Material\u914d\u8272","desc":"\u9ad8\u7ea7\u8272\u5f69\u642d\u914d\u5de5\u5177\uff0c\u63d0\u4f9b\u5728\u7ebf\u914d\u8272\u65b9\u6848\uff0c\u8f7b\u677e\u642d\u914d\u51fa\u9ad8\u7aef\u5927\u6c14\u7684\u98ce\u683c\u989c\u8272","cate":"link_design","url":"https:\/\/www.materialpalette.com\/"},{"title":"\u914d\u8272\u7f51","desc":"\u81f4\u529b\u8272\u5f69\u642d\u914d\u65b9\u6848\u7684\u4ea4\u6d41\u4e0e\u5b66\u4e60\uff0c\u5c06\u89c6\u89c9\u5143\u7d20\u6309\u7167\u4e00\u5b9a\u7684\u7f8e\u5b66\u89c4\u5f8b\uff0c\u642d\u914d\u7ec4\u5408\u6210\u65b0\u7684\u89c6\u89c9\u5f62\u8c61","cate":"link_design","url":"http:\/\/www.peise.net\/"},{"title":"\u6e10\u53d8\u8272","desc":"\u8fd0\u7528\u5404\u8272\u6f02\u4eae\u7684\u8d28\u611f\u6e10\u53d8\uff0c\u8fc5\u901f\u63d0\u5347\u754c\u9762\u7684\u683c\u8c03","cate":"link_design","url":"https:\/\/uigradients.com\/"},{"title":"Adobe\u914d\u8272\u5de5\u5177","desc":"\u4e13\u4e1a\u7ea7\u914d\u8272\u5de5\u5177\uff0c\u63d0\u4f9b\u591a\u6837\u7684\u8272\u5f69\u89c4\u5219\uff08\u7c7b\u6bd4\u3001\u5355\u8272\u3001\u4e09\u5143\u7fa4\u3001\u8865\u8272\u3001\u590d\u5408\u3001\u6d53\u5ea6\uff09","cate":"link_design","url":"https:\/\/color.adobe.com\/zh\/create\/color-wheel\/"},{"title":"\u4e2d\u56fd\u8272","desc":"\u63d0\u4f9b\u4e30\u5bcc\u7684\u4e2d\u56fd\u4f20\u7edf\u989c\u8272\uff0c\u6781\u5177\u97f5\u5473\uff0c\u70b9\u51fb\u5373\u53ef\u770b\u6548\u679c","cate":"link_design","url":"http:\/\/zhongguose.com\/"},{"title":"Color Hunt","desc":"\u6d77\u91cf\u7684\u5b8c\u7f8e\u8272\u5f69\u7ec4\u5408\uff0c\u81f4\u529b\u4e8e\u5e2e\u52a9\u4ea7\u54c1\u8bbe\u8ba1\u5e08\u4eec\u66f4\u597d\u7684\u9009\u62e9\u989c\u8272\u642d\u914d","cate":"link_design","url":"http:\/\/colorhunt.co\/"},{"title":"\u5b57\u4f53\u4e4b\u5bb6","desc":"\u56fd\u5185\u8f83\u5168\u7684\u514d\u8d39\u5b57\u4f53\u4e0b\u8f7d\uff0c\u4e2d\u82f1\u6587\u5b57\u4f53\u9884\u89c8\u3001\u6253\u5305\u4e0b\u8f7d","cate":"link_design","url":"http:\/\/www.17ziti.com\/"},{"title":"Fontex","desc":"\u8d85\u5168\u82f1\u6587\u5b57\u4f53\u4e0b\u8f7d\uff0c \u65f6\u5c1a\u9177\u70ab\uff0c \u5e38\u4f5c\u5546\u4e1a\u7528\u9014","cate":"link_design","url":"http:\/\/www.fontex.org\/"},{"title":"\u4e91\u5b57\u5e93","desc":"\u6700\u9002\u5408\u4e2d\u5c0f\u578b\u516c\u53f8\u4e0e\u56e2\u961f\u7684\u5b57\u4f53\u5546\u7528\u89e3\u51b3\u65b9\u6848","cate":"link_design","url":"http:\/\/www.yestone.com\/fonts"},{"title":"Font Fabric","desc":"\u63d0\u4f9b\u9ad8\u54c1\u8d28\u514d\u8d39\u72ec\u7acb\u5b57\u4f53\u4e0b\u8f7d","cate":"link_design","url":"http:\/\/www.fontfabric.com\/"},{"title":"\u5b57\u5ba2\u7f51","desc":"\u5168\u7403\u6700\u5927\u7684\u5b57\u4f53\u4e0b\u8f7d\u4e0e\u5206\u4eab\u7f51\u7ad9,\u63d0\u4f9b\u5b57\u4f53,\u5bfb\u627e\u3001\u8bc6\u522b\u3001\u4e0b\u8f7d\u4ee5\u53ca\u5728\u7ebf\u9884\u89c8","cate":"link_design","url":"https:\/\/www.fontke.com\/"},{"title":"\u5b57\u4f53\u677e\u9f20","desc":"\u514d\u8d39\u4e0b\u8f7d\u9002\u5408\u5546\u7528\uff0c\u4e13\u4e3a\u8bbe\u8ba1\u5e08\u7cbe\u5fc3\u6311\u9009","cate":"link_design","url":"https:\/\/www.fontsquirrel.com\/"},{"title":"FontFont","desc":"\u5f3a\u5927\u7684\u5b57\u4f53\u68c0\u7d22\u5f15\u64ce\uff0c\u6536\u7f16\u65e0\u6570\u4f18\u8d28\u5b57\u4f53","cate":"link_design","url":"https:\/\/www.fontfont.com\/fonts"},{"title":"InDesign","desc":"\u4e00\u4e2a\u9488\u5bf9\u827a\u672f\u6392\u7248\u7684\u7a0b\u5e8f\uff0c\u63d0\u4f9b\u7ed9\u56fe\u50cf\u8bbe\u8ba1\u5e08\u3001\u4ea7\u54c1\u5305\u88c5\u5e08\u548c\u5370\u524d\u4e13\u5bb6","cate":"link_design","url":"https:\/\/www.adobe.com\/cn\/products\/indesign\/free-trial-download.html"},{"title":"\u5728\u7ebf\u6392\u7248\u5de5\u5177","desc":"\u4e00\u952e\u5728\u7ebf\u6392\u7248\uff0c,\u8bba\u6587\u7f51\u9875,\u6587\u672c\u6587\u7ae0\u81ea\u52a8\u6392\u7248\u5de5\u5177","cate":"link_design","url":"http:\/\/p.haoii123.com\/"},{"title":"\u6392\u7248\u5de5\u5177","desc":"\u514d\u8d39\u5728\u7ebf\u6587\u5b57\u6392\u7248\u5de5\u5177\uff0c\u4e00\u952e\u6392\u7248\uff0c\u8f7b\u677e\u66ff\u6362\uff0c\u5b57\u6570\u7edf\u8ba1","cate":"link_design","url":"http:\/\/paiban.gaodun.com\/"},{"title":"\u6563\u6587\u5728\u7ebf\u6392\u7248\u5de5\u5177","desc":"\u4e3b\u8981\u4e3a\u89e3\u51b3\u6563\u6587\u5728\u7ebf\u6295\u7a3f\u6392\u7248\u95ee\u9898","cate":"link_design","url":"http:\/\/sanwenzx.com\/paiban.html"},{"title":"Yestone\u521b\u610f\u56fe\u7247\u5e93","desc":"\u6bcf\u59293\u4e07\u5f20\u4e0a\u65b0\uff0c\u5168\u90e8\u6b63\u7248\u5546\u7528\u6388\u6743\uff0c\u54c1\u8d28\u9ad8\u5230\u6311\u82b1\u773c","cate":"link_image","url":"http:\/\/www.yestone.com\/"},{"title":"123RF\u56fe\u5e93","desc":"\u4f18\u8d28\u8bbe\u8ba1\u56fe\u5e93\uff01\u6c47\u96c6\u5168\u74038\u5343\u4e07\u5f20\u6b63\u7248\u5546\u7528\u7d20\u6750","cate":"link_image","url":"http:\/\/www.123rf.com.cn\/"},{"title":"PaiXin\u8bbe\u8ba1\u5e08\u56fe\u5e93","desc":"\u56fd\u5185\u9ad8\u4eba\u6c14\u54c1\u8d28\u7cbe\u7f8e\u56fe\u7247\u5206\u4eab\u4e0e\u552e\u5356\u5e73\u53f0\uff0c\u8bbe\u8ba1\u5e08\u5fc5\u5907","cate":"link_image","url":"http:\/\/www.paixin.com\/stock"},{"title":"\u5168\u666f\u7f51","desc":"\u4ece\u521b\u610f\u56fe\u7247\u3001\u7f16\u8f91\u56fe\u7247\u3001\u4e1c\u65b9\u5143\u7d20\u56fe\u7247\u3001\u56fe\u7247\u7248\u6743\u670d\u52a1\u7b49\u5404\u65b9\u9762\u4e3a\u7528\u6237\u63d0\u4f9b\u6240\u9700","cate":"link_image","url":"http:\/\/www.quanjing.com\/"},{"title":"Pexels","desc":"\u63a8\u8350\uff01\u63d0\u4f9b\u9ad8\u6e05\u5c3a\u5bf8\u4e14\u54c1\u8d28\u4f18\u826f\u7684\u514d\u8d39\u7167\u7247\u7f51\u7ad9","cate":"link_image","url":"https:\/\/www.pexels.com\/"},{"title":"ClipartKorea","desc":"\u97e9\u56fd\u7d20\u6750\u56fe\u5e93\uff01\u4f18\u8bbe\u6700\u8fd1\u5206\u4eab\u7684\u56fe\u7247\u8d44\u6e90\u5c31\u91c7\u7f16\u4e8e\u6b64","cate":"link_image","url":"http:\/\/www.clipartkorea.co.kr\/sub\/?search_mode=submain&cont_group=updatediary"},{"title":"deviantART","desc":"\u6bcf\u5929\u53d1\u8868\u7ea620\u4e07\u4e2a\u65b0\u4f5c\u54c1\uff01\u56fd\u9645\u5316\u5728\u7ebf\u827a\u672f\u793e\u533a","cate":"link_image","url":"https:\/\/www.deviantart.com\/"},{"title":"Instagram","desc":"\u63d0\u4f9b\u5728\u7ebf\u7167\u7247\u5171\u4eab\uff0c\u89c6\u9891\u5171\u4eab\u548c\u793e\u4ea4\u7f51\u7edc\u670d\u52a1\u7684\u5e73\u53f0\uff0c\u70b9\u51fb\u51e0\u4e0b\u5c31\u53ef\u628a\u56fe\u7247\u5206\u4eab\u7ed9\u5404\u5730\u7f51\u53cb\u3002","cate":"link_image","url":"https:\/\/www.instagram.com\/"},{"title":"\u82b1\u74e3\u7f51","desc":"\u6536\u96c6\u548c\u5206\u4eab\u4f60\u559c\u6b22\u7684\u4efb\u610f\u56fe\u7247\u3002\u4f7f\u7528\u82b1\u74e3\u7f51\u91c7\u96c6\u5de5\u5177,\u4f60\u53ef\u4ee5\u65b9\u4fbf\u4fdd\u5b58\u7f51\u9875\u4e0a\u7684\u56fe\u7247\u3002","cate":"link_image","url":"http:\/\/huaban.com\/"},{"title":"\u5806\u7cd6\u7f51","desc":"\u53ef\u4ee5\u7528\u5806\u7cd6\u6536\u96c6\u7f51\u7edc\u4e0a\u559c\u6b22\u7684\u56fe\u7247\uff0c\u4fdd\u5b58\u8bbe\u8ba1\u7075\u611f\u3001\u8ba1\u5212\u4f60\u7684\u65c5\u884c\u3001\u51c6\u5907\u6362\u5b63\u8d2d\u7269\u6e05\u5355\u2026\u2026","cate":"link_image","url":"https:\/\/www.duitang.com\/"},{"title":"\u89c6\u89c9\u4e2d\u56fd\u8bbe\u8ba1\u5e08\u793e\u533a","desc":"\u4e2d\u56fd\u9886\u5148\u7684\u521b\u610f\u56fe\u7247\u3001\u89c6\u9891\u97f3\u4e50\u7d20\u6750\u53ca\u89c6\u89c9\u76f8\u5173\u670d\u52a1\u4f9b\u5e94\u5546\uff0c\u5728\u6b64\u70ab\u51fa\u4f60\u6700\u597d\u7684\u4f5c\u54c1\u3002","cate":"link_image","url":"http:\/\/shijue.me\/"},{"title":"POCO\u7f51","desc":"\u76ee\u524d\u56fd\u5185\u6700\u5927\u7684\u4ee5\u539f\u521b\u56fe\u7247\u4e3a\u6838\u5fc3\u7684\u5206\u4eab\u793e\u533a\uff0c\u805a\u54081.1\u4ebf\u4f18\u8d28\u7f51\u53cb\u3002","cate":"link_image","url":"http:\/\/www.poco.cn\/"},{"title":"\u5fae\u8f6fBing\u56fe\u5e93","desc":"\u63a8\u8350\uff01\u5e2e\u4f60\u63a2\u7d22\u6536\u96c6\u90a3\u4e9b\u7cbe\u7f8e\u7684\u56fe\u50cf\uff0c\u53ef\u6309\u8272\u5f69\u68c0\u7d22","cate":"link_image","url":"http:\/\/cn.bing.com\/images\/trending"},{"title":"Visual","desc":"\u5404\u79cd\u5404\u6837\u7684\u6f02\u4eae\u4fe1\u606f\u56fe\uff01\u5b66\u4fe1\u606f\u56fe\u8bbe\u8ba1\u7684\u540c\u5b66\u5fc5\u5907","cate":"link_infographic","url":"https:\/\/visual.ly\/"},{"title":"GOOD","desc":"GOOD\u4fe1\u606f\u56fe\uff0c\u524d\u6cbf\u65f6\u5c1a\u3001\u7528\u8272\u8003\u7a76\u7684\u4fe1\u606f\u56fe\u8bbe\u8ba1","cate":"link_infographic","url":"https:\/\/www.good.is\/infographics"},{"title":"\u6bcf\u65e5\u56fe\u8868","desc":"\u7f51\u7ad9\u6bcf\u5929\u4f1a\u53d1\u5e03\u6700\u597d\u7684\u4fe1\u606f\u56fe\u8868\uff0c\u53ef\u501f\u9274\u53c2\u8003","cate":"link_infographic","url":"http:\/\/www.dailyinfographic.com\/"},{"title":"\u56fe\u8868\u817e\u8baf","desc":"\u63a8\u8350\uff01\u817e\u8baf\u7684\u65b0\u95fb\u767e\u79d1\uff0c\u4e2d\u6587\u4fe1\u606f\u56fe\u8bbe\u8ba1\u5f97\u5f88\u4e0d\u9519","cate":"link_infographic","url":"http:\/\/news.qq.com\/newspedia\/all.htm"},{"title":"infogr.am","desc":"\u4e00\u6b3e\u53ef\u4ee5\u8ba9\u4f60\u5728\u7ebf\u65b9\u4fbf\u5236\u4f5c\u4fe1\u606f\u56fe\u7684\u5de5\u5177","cate":"link_infographic","url":"https:\/\/infogram.com\/"},{"title":"\u7f51\u5546\u56fe\u5a92\u4f53","desc":"\u7535\u5546\u8bbe\u8ba1\u5e08\u5fc5\u5907\uff01\u7528\u4fe1\u606f\u56fe\u89c6\u89d2\u6765\u89e3\u8bfb\u7535\u5546\u52a8\u6001","cate":"link_infographic","url":"http:\/\/www.wshang.com\/media\/index.html"},{"title":"\u65b0\u6d6a\u56fe\u89e3\u5929\u4e0b","desc":"\u65b0\u95fb\u89c6\u89c9\u5316\uff0c\u4ee5\u56fe\u8fbe\u610f\uff0c\u8f7b\u677e\u76f4\u89c2\u7684\u9605\u8bfb\u4f53\u9a8c","cate":"link_infographic","url":"http:\/\/roll.news.sina.com.cn\/chart\/index.shtml"},{"title":"\u6211\u7231ppt","desc":"100%\u6d3b\u4eba\u8d26\u53f7 \u4e00\u4e2a\u70ed\u7231\u751f\u6d3b\uff0c\u559c\u6b22\u5206\u4eab\u5404\u7c7bPPT\u7684\u4eba","cate":"link_pptword","url":"https:\/\/weibo.com\/208235676"},{"title":"\u9510\u666eppt","desc":"\u6700\u597d\u3001\u6700\u5168\u3001\u6700\u5b9e\u7528\uff0c\u539f\u521b\u7684\u3001\u8f6c\u8f7d\u7684\u3001\u6539\u9020\u7684\uff0c\u8ba9\u4eba\u4eba\u4e0d\u518d\u4e3a\u6a21\u677f\u53d1\u6101","cate":"link_pptword","url":"http:\/\/www.rapidbbs.cn\/"},{"title":"\u6f14\u754c\u7f51","desc":"\u5404\u884c\u5404\u4e1a\u7cbe\u7f8e\u6a21\u677f\u5e94\u6709\u5c3d\u6709\uff0c\u4e0a\u4e07\u5957\u6a21\u677f\u7b49\u4f60\u4e0b\u8f7d","cate":"link_pptword","url":"http:\/\/www.yanj.cn\/"},{"title":"\u55e8\u6613\u7f51","desc":"\u4e13\u6ce8\u4e8eppt\u8bbe\u8ba1\u5236\u4f5c\uff0c\u9009\u62e9\u4e13\u4e1a\uff0c\u9009\u62e9\u55e8\u6613\u7f51","cate":"link_pptword","url":"http:\/\/www.52hibuy.com\/"},{"title":"\u7b2c\u4e00ppt\u6a21\u677f\u7f51","desc":"\u6d77\u91cfPPT\u7d20\u6750\uff0c\u5e7b\u706f\u7247\u80cc\u666f\u56fe\u7247\uff0cPPT\u6a21\u677f\u514d\u8d39\u4e0b\u8f7d\uff0c\u4e13\u6ce8PowerPoint\u7d20\u6750\u4e0b\u8f7d","cate":"link_pptword","url":"http:\/\/www.1ppt.com\/"},{"title":"\u516c\u5f00\u8bfe\u7eaa\u5f55\u7247\u4e0b\u8f7d","desc":"Open eyes, Open minds. \u4e30\u5bcc\u7684\u89c6\u9891\u8d44\u6e90\u4e00\u952e\u67e5\u8be2\u89c2\u770b","cate":"link_media","url":"http:\/\/www.opclass.com\/"},{"title":"\u6709\u58f0\u542c\u4e66\u5427","desc":"\u6c47\u96c6\u6709\u58f0\u5c0f\u8bf4\u3001\u8bc4\u4e66\u5927\u5168\u3001\u620f\u66f2\u3001\u4eac\u5267\uff0c\u8fd8\u53ef\u4ee5\u514d\u8d39\u6253\u5305\u4e0b\u8f7d\u6709\u58f0\u5c0f\u8bf4","cate":"link_media","url":"http:\/\/www.ysts8.com\/"},{"title":"\u97f3\u6548\u7f51","desc":"\u5782\u76f4\u641c\u7d22\u548c\u5171\u4eab\u97f3\u6548\u3001\u914d\u4e50\u53ca\u58f0\u97f3\u7d20\u6750\u7684\u5728\u7ebf\u521b\u4f5c\u5206\u4eab\u548c\u63a8\u5e7f\u5e73\u53f0","cate":"link_media","url":"http:\/\/www.yinxiao.com\/"},{"title":"\u4f01\u9e45FM","desc":"\u6536\u542c\u72ec\u5bb6\u5168\u96c6\u6709\u58f0\u5c0f\u8bf4\u5728\u7ebf\u64ad\u5ba2\uff0c\u505a\u6700\u61c2\u4f60\u7684\u97f3\u9891\u7535\u53f0\u5206\u4eab\u5e73\u53f0","cate":"link_media","url":"https:\/\/fm.qq.com\/"},{"title":"\u54aa\u5495\u97f3\u4e50\u7f51","desc":"\u653e\u8086\u542c\u00b7\u8da3\u73a9\u4e50\uff0c\u4e00\u7ad9\u5f0f\u97f3\u4e50\u4e92\u52a8\u4f53\u9a8c","cate":"link_media","url":"http:\/\/music.migu.cn\/v2"},{"title":"\u4f20\u8bfe\u7f51","desc":"\u4e2d\u56fd\u6700\u5927\u7684\u7f51\u7edc\u8bfe\u7a0b\u5728\u7ebf\u5206\u4eab\u5e73\u53f0\uff0c\u53ef\u5728\u7ebf\u4f20\u6388\u6280\u80fd\uff0c\u4ea6\u53ef\u5728\u7ebf\u5b66\u4e60","cate":"link_education","url":"https:\/\/chuanke.baidu.com\/"},{"title":"\u4e2d\u56fd\u5927\u5b66MOOC","desc":"\u5728\u7ebf\u5b66\u4e60\u5e73\u53f0\uff0c\u4e0a\u5343\u95e8\u540d\u6821\u8bfe\u7a0b\u514d\u8d39\u5b66\uff0c\u6253\u7834\u58c1\u5792\uff0c\u8ba9\u6bcf\u4e2a\u4eba\u90fd\u53ef\u83b7\u5f97\u66f4\u4f18\u8d28\u7684\u6559\u80b2","cate":"link_education","url":"http:\/\/www.icourse163.org\/"},{"title":"\u817e\u8baf\u5fae\u8bb2\u5802","desc":"\u8d85\u5f3a\u5927\u7684\u4e0a\u8bfe\u5de5\u5177\uff0cQQ\/\u5fae\u4fe1\u63d0\u9192\uff0c3\u4e07\u95e8\u9ad8\u8d28\u8bfe\u7a0b\u5728\u7ebf\u5206\u4eab","cate":"link_education","url":"http:\/\/v.qq.com\/v\/"},{"title":"\u4e2d\u5b66\u5b66\u79d1\u7f51","desc":"\u6559\u5e08\u4fe1\u8d56\u7684\u6559\u5b66\u8d44\u6e90\u7f51\u7ad9\uff0c\u5185\u5bb9\u6db5\u76d6\u4e5d\u5927\u5b66\u79d1\uff0c\u5305\u62ec\u5927\u91cf\u8bfe\u4ef6\uff0c\u6559\u6848\uff0c\u8bd5\u5377\u7b49\u7b49\u3002","cate":"link_education","url":"http:\/\/www.zxxk.com\/"},{"title":"\u6559\u5b66\u8d44\u6e90\u7f51","desc":"\u6559\u5b66\u7cbe\u534e\u8d44\u6e90\u5e94\u6709\u5c3d\u6709\uff0c\u5185\u5bb9\u6743\u5a01\uff0c\u66f4\u65b0\u53ca\u65f6\uff0c\u7b26\u5408\u8bfe\u6539\u8d8b\u52bf\u548c\u6559\u5b66\u9700\u8981\u3002","cate":"link_education","url":"http:\/\/www.jb1000.com\/"},{"title":"\u4e2d\u534e\u8d44\u6e90\u5e93","desc":"\u6559\u5b66\u8d44\u6e90\u5e93\u6d4f\u89c8\u65b9\u5f0f\u591a\u6837\u5316\uff0c\u8ba9\u60a8\u66f4\u65b9\u4fbf\u3001\u66f4\u5feb\u6377\u5730\u627e\u5230\u60a8\u6025\u9700\u7684\u6559\u5b66\u8d44\u6599\u3002","cate":"link_education","url":"http:\/\/www.ziyuanku.com\/"},{"title":"\u597d\u6559\u5e08\u8d44\u6e90\u7f51","desc":"\u672c\u7740\u670d\u52a1\u6559\u80b2\u3001\u670d\u52a1\u6559\u5e08\u4e3a\u5b97\u65e8,\u4e3a\u5927\u5bb6\u514d\u8d39\u63d0\u4f9b\u6559\u5b66\u8d44\u6e90\uff0c\u4f8b\u5982flash\u8bfe\u4ef6\u3002","cate":"link_education","url":"http:\/\/www.hjszy.com\/"},{"title":"\u5c0f\u5b66\u8d44\u6e90\u7f51","desc":"\u5185\u5bb9\u5305\u62ec\u5c0f\u5b66\u4eba\u6559\u7248,\u5317\u5e08\u5927\u7248,\u65b0\u4eba\u6559\u7248,\u82cf\u6559\u7248\u7b49\u767e\u79cd\u7248\u672c\u7684\u6559\u6848\uff0c\u8bfe\u4ef6\uff0c\u8bd5\u9898\uff0c\u5fae\u8bfe\u7b49\u3002","cate":"link_education","url":"http:\/\/www.xj5u.com\/"},{"title":"\u5343\u56fe\u7f51","desc":"\u4e13\u6ce8\u514d\u8d39\u8bbe\u8ba1\u7d20\u6750\u4e0b\u8f7d\u7684\u7f51\u7ad9","cate":"link_image","url":"http:\/\/www.58pic.com\/"},{"title":"\u6635\u56fe\u7f51","desc":"\u539f\u521b\u7d20\u6750\u5171\u4eab\u5e73\u53f0","cate":"link_image","url":"http:\/\/www.nipic.com\/"},{"title":"\u61d2\u4eba\u56fe\u5e93","desc":"\u4e13\u6ce8\u4e8e\u63d0\u4f9b\u7f51\u9875\u7d20\u6750\u4e0b\u8f7d\uff0c\u5176\u5185\u5bb9\u6db5\u76d6\u7f51\u9875\u7d20\u6750\uff0c\u77e2\u91cf\u56fe\u7d20\u6750\uff0cpsd\u7d20\u6750\uff0cPNG\u56fe\u6807\u7b49","cate":"link_image","url":"http:\/\/www.lanrentuku.com\/"},{"title":"\u7ed8\u827a\u7d20\u6750","desc":"\u5927\u578b\u7efc\u5408\u8bbe\u8ba1\u7c7b\u7d20\u6750\u7f51\u7ad9\uff0c\u63d0\u4f9b\u5404\u79cd\u77e2\u91cf\u7d20\u6750\u7b49\u8bbe\u8ba1\u7d20\u6750","cate":"link_image","url":"http:\/\/www.huiyi8.com"},{"title":"\u5929\u7a7aPPT","desc":"\u63d0\u4f9bPowerPoint\u5e7b\u706f\u7247\u6a21\u677f\u3001PPT\u80cc\u666f\u56fe\u7247\u7b49\u7d20\u6750\u514d\u8d39\u4e0b\u8f7d\u53ca\u5176\u670d\u52a1\u7684\u4e13\u4e1a\u7f51\u7ad9","cate":"link_pptword","url":"http:\/\/www.pptair.com\/"},{"title":"PPTOK","desc":"\u4e13\u4e1a\u7684PPT\u6a21\u677f\u4e0b\u8f7d\uff0c\u63d0\u4f9bPPT\u7d20\u6750\u4e0b\u8f7d\u7684ppt\u6559\u7a0b\u7f51\uff0c\u5305\u542bPPT\u7d20\u6750\u7b49","cate":"link_pptword","url":"http:\/\/www.pptok.com\/"},{"title":"\u7d20\u6750\u4e2d\u56fd16\u7d20\u6750\u7f51","desc":"\u6536\u96c6\u6d77\u91cf\u514d\u8d39PPT\u6a21\u677f\u7d20\u6750\u7684\u4e2d\u56fd\u7d20\u6750\u7f51\u7ad9","cate":"link_pptword","url":"http:\/\/www.16sucai.com\/ppt\/"},{"title":"\u975e\u5e38\u56fe\u5e93PPT","desc":"\u975e\u51e1\u56fe\u5e93\u7d20\u6750\u4e2d\u56fd\u6c47\u96c6\u4e86\u56fd\u5185\u5916\u6700\u4e13\u4e1a\u7684\u8bbe\u8ba1\u7d20\u6750,\u4e3a\u5e7f\u5927\u7528\u6237\u514d\u8d39\u63d0\u4f9bPPT\u6a21\u677f","cate":"link_pptword","url":"http:\/\/www.ffpic.com\/ppt\/"},{"title":"\u89c6\u9891DIY","desc":"\u4e13\u4e1a\u89c6\u9891\u7d20\u6750AE\u6a21\u677f\u53caCG\u6280\u672f\u5206\u4eab\u5e73\u53f0","cate":"link_media","url":"http:\/\/www.spdiy.net\/"},{"title":"VJ\u5e08\u7f51","desc":"\u9ad8\u6e05\u89c6\u9891\u7d20\u6750\u4e0b\u8f7d\u7f51,\u89c6\u9891\u7d20\u6750\u3001AE\u6a21\u677f\u3001\u821e\u53f0\u80cc\u666f\u3001LED\u80cc\u666f\u89c6\u9891\u514d\u8d39\u4e0b\u8f7d","cate":"link_media","url":"http:\/\/www.vjshi.com\/"},{"title":"92\u7d20\u6750\u7f51","desc":"\u63d0\u4f9b\u5927\u91cf\u514d\u8d39\u4e13\u4e1a\u7684\u89c6\u9891\u7d20\u6750","cate":"link_media","url":"http:\/\/www.92sucai.com\/"}]